{
  "Oxoje": 448864.0,
  "Sutax": 187352.0,
  "Ixoki": 73123.83211991582,
  "Ejigade": 756923.0,
  "Cuvep": 175721.0,
  "Yjyben": 353635.0,
  "Mizynoc": 48380.33325674458,
  "Gejib": 55177.0,
  "Oxut": 5978.0,
  "Tudedy": 118470.53406243205,
  "Myzela": 448864.0,
  "Ihokyl": 187352.0,
  "Abew": 73123.83211991582,
  "Imibe": 756923.0,
  "Kahepop": 175721.0,
  "Mowon": 353635.0,
  "Ihuwyf": 48380.33325674458,
  "Icaturi": 55177.0,
  "Nidubem": 5978.0,
  "Mezimij": 118470.53406243205
}